Epoch,Train_Loss,Val_Loss,Timing
1,6.406726480966591,5.869874897003174,3.334632635116577
2,5.671361084443977,5.5856713218688965,2.9135890007019043
3,5.426535057734294,5.437158824920655,2.8992738723754883
4,5.269808945406871,5.346786445617676,2.900116443634033
5,5.15291881944281,5.285297687530518,2.9007515907287598
6,5.058693013516774,5.241552242279052,2.894653558731079
7,4.97887428410082,5.209675052642822,2.917593240737915
8,4.909111699904782,5.186762474060059,2.8969919681549072
9,4.8470665776585955,5.170773239135742,2.9037883281707764
10,4.790976178693963,5.160037536621093,2.8964171409606934
11,4.739499383183368,5.1534874153137205,2.9183948040008545
12,4.691715763275882,5.150348262786865,2.9554898738861084
13,4.646949473155072,5.149972629547119,2.911921977996826
14,4.6047005385280135,5.151918636322021,2.8989548683166504
15,4.5645952569433,5.155841300964355,2.906831979751587
16,4.5263487976717665,5.161440605163574,2.9066390991210938
17,4.489710681409721,5.168467906951904,2.896580696105957
18,4.454490264256795,5.176699253082275,2.8938755989074707
19,4.420577067447954,5.185982807159424,2.9081225395202637
20,4.387859892174901,5.1961514854431154,2.9063806533813477
21,4.356254206125037,5.2070495185852055,2.898228168487549
22,4.325675421450511,5.21855948638916,2.8953542709350586
23,4.2960413565118625,5.230595386505127,2.8975777626037598
24,4.267283523896612,5.24304447555542,2.8984878063201904
25,4.239338634483307,5.255806518554688,2.8969247341156006
26,4.212166880508025,5.268898448944092,2.899759531021118
27,4.185727607294258,5.282223846435547,2.90023136138916
28,4.159985812313585,5.295800605773926,2.9001240730285645
29,4.1349076114026415,5.309497554779052,2.9050021171569824
30,4.11045221248305,5.3233780059814455,2.9081811904907227
31,4.086593804110485,5.337324863433838,2.898996114730835
32,4.063311397311199,5.351432411193848,2.8978285789489746
33,4.040592128493221,5.365599475860596,2.8982112407684326
34,4.018398041706009,5.379915439605713,2.902362108230591
35,3.996729890984225,5.394245532989502,2.8969690799713135
36,3.975550916300241,5.40863370513916,2.898942232131958
37,3.9548526360806693,5.423008090972901,2.8972232341766357
38,3.934611701103578,5.437399211883545,2.9015252590179443
39,3.9148244565749266,5.451800430297852,2.906667947769165
40,3.895479526864477,5.46617947769165,2.896124839782715
41,3.8765894686840623,5.480509822845459,2.899472951889038
42,3.8581144445871254,5.49479984664917,2.8979318141937256
43,3.8400652327211984,5.509083557128906,2.8968305587768555
44,3.8224254013544106,5.52331941986084,2.8984339237213135
45,3.805195307157126,5.537492748260498,2.89522385597229
46,3.788343759425673,5.551622604370118,2.8986542224884033
47,3.77185964680101,5.5657206115722655,2.896918296813965
48,3.7557223532573287,5.579783546447754,2.902013063430786
49,3.739934222765237,5.593877201080322,2.8929355144500732
50,3.7244862868603934,5.607853672027588,2.8978657722473145
51,3.709367820058003,5.621833824157715,2.903909206390381
52,3.694564039448658,5.635665184020996,2.893932819366455
53,3.680075765613571,5.649475784301758,2.8968799114227295
54,3.6659036788595727,5.663062274932861,2.8934648036956787
55,3.6520291791862274,5.676615425109864,2.8934783935546875
56,3.6384669494437407,5.690006923675537,2.8928894996643066
57,3.6251758657784827,5.703321441650391,2.8961427211761475
58,3.612175757147701,5.716524471282959,2.8971664905548096
59,3.5994326627876863,5.72964122390747,2.8939194679260254
60,3.586975785623114,5.742668254852295,2.8943917751312256
61,3.5747686878265625,5.7556569938659665,2.8901329040527344
62,3.5628210828007463,5.768566741943359,2.893735647201538
63,3.5510969765215035,5.781402599334717,2.8967418670654297
64,3.539651000834852,5.794218711853027,2.8953306674957275
65,3.5284157828633567,5.80697970199585,2.8947033882141113
66,3.5174517272466637,5.819626689910889,2.8957695960998535
67,3.5066588351046706,5.832260231018067,2.898426055908203
68,3.496126223759479,5.844709873199463,2.8902862071990967
69,3.485825747371199,5.857108459472657,2.891416311264038
70,3.4757125913857454,5.8695079002380375,2.8965322971343994
71,3.4658515989541048,5.88155683517456,2.8969101905822754
72,3.456169039370066,5.893826480865479,2.895443916320801
73,3.446713357565393,5.905661365509033,2.8948724269866943
74,3.4374496960735703,5.917709289550781,2.89481258392334
75,3.4283888790023376,5.929156494140625,2.89174222946167
76,3.4194961949045877,5.9409590988159175,2.901750326156616
77,3.4107904242703233,5.9521765098571775,2.8968076705932617
78,3.40225434590535,5.963847324371338,2.8914833068847656
79,3.3939092149696197,5.974771099090576,2.8967976570129395
80,3.3857170716825737,5.9863219146728515,2.9001758098602295
81,3.3777199332493857,5.997051616668701,2.898874282836914
82,3.3698511947110954,6.0083409118652344,2.8976523876190186
83,3.362137692041665,6.018821537017822,2.8985776901245117
84,3.3545605250630515,6.029692169189453,2.9027531147003174
85,3.347146827054311,6.0402426986694335,2.8967630863189697
86,3.339844532281041,6.050864673614502,2.8997983932495117
87,3.3327192776653183,6.061209102630615,2.899996042251587
88,3.325718191732843,6.071754131317139,2.9074814319610596
89,3.3188727280222268,6.081846214294433,2.902388572692871
90,3.312109368871972,6.092085189819336,2.9153800010681152
91,3.3055198987325034,6.101946395874023,2.8997182846069336
92,3.2990194429834205,6.112067817687988,2.904137134552002
93,3.2926511798039018,6.121616706848145,2.8986587524414062
94,3.286415147972873,6.13165506362915,2.906855583190918
95,3.2802426542144225,6.141025234222412,2.90266489982605
96,3.2742395688252275,6.150716953277588,2.9160289764404297
97,3.268254314081736,6.160161151885986,2.899578094482422
98,3.2624999811371644,6.169649768829346,2.899238109588623
99,3.2567643051645363,6.17900354385376,2.892533779144287
100,3.2511593534285765,6.188128547668457,2.9022233486175537
101,3.2456102849967987,6.197563175201416,2.8980841636657715
102,3.240263619576113,6.206650485992432,2.8990964889526367
103,3.234935035188514,6.215683143615722,2.9085371494293213
104,3.2297283013661704,6.224680450439453,2.901759386062622
105,3.2246176507099564,6.233385242462158,2.9054555892944336
106,3.21959441062437,6.242305526733398,2.9023568630218506
107,3.214631245318187,6.251043399810791,2.8966264724731445
108,3.2097945280343176,6.259994869232178,2.9091150760650635
109,3.205042348808074,6.268489032745362,2.9153454303741455
110,3.2003400287474975,6.27732479095459,2.9015517234802246
111,3.195794297509404,6.28548690032959,2.894186496734619
112,3.191236864132096,6.294018447875977,2.901679039001465
113,3.18677835340002,6.3022602233886715,2.89882755279541
114,3.1823797249889756,6.310578304290772,2.8950681686401367
115,3.178079551003544,6.3186072273254394,2.8981387615203857
116,3.1738355475735953,6.326676460266113,2.9069299697875977
117,3.1696662165553695,6.334679080963134,2.8981518745422363
118,3.1655651359673005,6.342859508514405,2.8992974758148193
119,3.1614899965653938,6.350378879547119,2.8966426849365234
120,3.1575173053396752,6.358453563690185,2.8929996490478516
121,3.1536311236730064,6.366046588897705,2.9170284271240234
122,3.1497602261692643,6.374190208435059,2.899857759475708
123,3.1459211364807373,6.381560760498047,2.901463747024536
124,3.142189504152321,6.38949507522583,2.902341365814209
125,3.1384859367546785,6.3968985023498535,2.9037420749664307
126,3.1348589318823143,6.40445320892334,2.9127089977264404
127,3.1312928463081757,6.4118868980407715,2.8989458084106445
128,3.1277444750429635,6.419402030944824,2.896719217300415
129,3.124324762677572,6.426759990692139,2.899312734603882
130,3.1209266315023583,6.433813385009765,2.8973958492279053
131,3.117505569055856,6.4417656135559085,2.8984110355377197
132,3.1142246857225655,6.448450061798096,2.895831823348999
133,3.1109535019081758,6.455878894805908,2.896336555480957
134,3.10773503780365,6.462946750640869,2.9135472774505615
135,3.104567833693631,6.4702710418701175,2.902557611465454
136,3.101433673536921,6.476830932617188,2.902062177658081
137,3.098368952551999,6.48415958404541,2.8990538120269775
138,3.0953657411667237,6.490825012207031,2.896751642227173
139,3.092319294630763,6.497774810791015,2.898919105529785
140,3.0893571261900017,6.504457355499268,2.8977317810058594
141,3.0865282088398454,6.511351387023926,2.8970882892608643
142,3.0836553741171655,6.517806324005127,2.8939239978790283
143,3.080925876835743,6.524309577941895,2.8960165977478027
144,3.078073128160224,6.531298069000244,2.897392988204956
145,3.075404517621879,6.53764436340332,2.8929831981658936
146,3.0726542611677483,6.544323329925537,2.894467830657959
147,3.070025115606775,6.550630016326904,2.892947196960449
148,3.0672840397041963,6.5571480522155765,2.9061784744262695
149,3.0647834261737197,6.563477691650391,2.9007375240325928
150,3.0621614781728232,6.570057266235351,2.899225950241089
151,3.059653234769063,6.576278911590576,2.900481700897217
152,3.057191184246875,6.582302188873291,2.8975329399108887
153,3.054683793979476,6.588862289428711,2.9044413566589355
154,3.0521382696657295,6.594869407653809,2.902570962905884
155,3.0497794797621576,6.600564292907714,2.8958022594451904
156,3.047402236356314,6.607036628723145,2.8946259021759033
157,3.045032285303476,6.612845626831055,2.894038200378418
158,3.0426846311753053,6.618665500640869,2.8912200927734375
159,3.040328003316519,6.624634162902832,2.890789747238159
160,3.0380966491009818,6.630301818847657,2.894336462020874
161,3.03585879390977,6.636204627990723,2.896609306335449
162,3.033628931485984,6.642278812408447,2.8950061798095703
163,3.031485711235598,6.648188190460205,2.8991658687591553
164,3.0293678978839553,6.6538230895996096,2.8953356742858887
165,3.0272983580708024,6.6593646049499515,2.894780158996582
166,3.0250818020847428,6.665268329620361,2.891298294067383
167,3.0230715145547706,6.670875370025635,2.8912384510040283
168,3.0209619769130844,6.676520858764649,2.894683361053467
169,3.0190577253280395,6.682305065155029,2.8946917057037354
170,3.0170448223749795,6.68751704788208,2.892078399658203
171,3.015075038235829,6.692869247436524,2.894773483276367
172,3.0131082084763,6.69852424621582,2.899998903274536
173,3.011209573611677,6.703784866333008,2.908245086669922
174,3.0092565558521622,6.709477149963379,2.899256706237793
175,3.007415231930683,6.714600280761719,2.8981142044067383
176,3.0055457999907342,6.71991028213501,2.8947315216064453
177,3.0036753971413916,6.724637332916259,2.898484468460083
178,3.0018711190625846,6.730513252258301,2.8984625339508057
179,3.000213962482161,6.73538106918335,2.8946585655212402
180,2.9983693605445954,6.740910034179688,2.8961212635040283
181,2.9966015595508866,6.745770748138428,2.8908119201660156
182,2.9947727885112227,6.751444961547851,2.8944690227508545
183,2.993040186334327,6.756105823516846,2.896240234375
184,2.9914438442054045,6.761804557800293,2.901305913925171
185,2.989804231019384,6.765936626434327,2.9110476970672607
186,2.9881774024312278,6.771544750213623,2.9050729274749756
187,2.9865420625870485,6.776209369659424,2.897982120513916
188,2.984935976415274,6.78174303817749,2.903421640396118
189,2.983223958187793,6.785750003814697,2.9090094566345215
190,2.98162938792064,6.791096206665039,2.9263858795166016
191,2.9800872831459504,6.795850795745849,2.903657913208008
192,2.9785850881093956,6.800854637145996,2.910248279571533
193,2.9770506074629632,6.805788368225097,2.9015555381774902
194,2.9756304001712417,6.810127582550049,2.8966522216796875
195,2.9741078643913728,6.814870613098145,2.9047067165374756
196,2.9725507832913993,6.819768318176269,2.906046152114868
197,2.971052658605767,6.824005462646484,2.902333974838257
198,2.969714750726539,6.828833686828613,2.8966927528381348
199,2.968104824483634,6.8331629791259765,2.8990702629089355
200,2.9667811408100357,6.837805084228515,2.8982760906219482
201,2.965327068026286,6.843136013031006,2.9010918140411377
202,2.9640820998264603,6.847242233276368,2.909205675125122
203,2.9625434210022767,6.852149208068847,2.9011425971984863
204,2.9611223869055627,6.856852127075196,2.8958535194396973
205,2.9599297161561897,6.8613697509765625,2.899655818939209
206,2.9586931361730797,6.865378971099854,2.9064977169036865
207,2.957469854010157,6.869942733764648,2.9015908241271973
208,2.9560228806422897,6.874425796508789,2.893416166305542
209,2.9547623984784965,6.878344104766846,2.894817352294922
210,2.9534427320143304,6.882557445526123,2.8971219062805176
211,2.952211913813549,6.886830997467041,2.904592752456665
212,2.9511088276483926,6.891880149841309,2.8943469524383545
213,2.9499264342717857,6.895313442230225,2.8961586952209473
214,2.9486383582693505,6.899788791656494,2.9045817852020264
215,2.9472689437100206,6.903888576507568,2.8977344036102295
216,2.945983476428143,6.908245098114014,2.8962459564208984
217,2.944860735092776,6.912521877288818,2.901082992553711
218,2.9439009557287377,6.916577964782715,2.8994109630584717
219,2.9426833496515052,6.920438316345215,2.897109031677246
220,2.941540407847209,6.925216136932373,2.9050519466400146
221,2.940336883307461,6.9287176551818845,2.895724058151245
222,2.939048076729219,6.933497531890869,2.898132085800171
223,2.937912223329506,6.937017318725586,2.89113450050354
224,2.9367851454570113,6.9407246284484865,2.894343614578247
225,2.9356636886137077,6.944988452911377,2.9421441555023193
226,2.9345050815597595,6.948842952728271,2.8970754146575928
227,2.9335823796360367,6.953138523101806,2.896144390106201
228,2.932454142225794,6.957394241333008,2.895533323287964
229,2.9315709067156996,6.960728370666504,2.8938839435577393
230,2.930229478093036,6.964755767822266,2.8986570835113525
231,2.9294609764972366,6.969190505981445,2.900402307510376
232,2.9282118369297807,6.973477760314942,2.9050607681274414
233,2.9272289075047135,6.976027828216552,2.896573543548584
234,2.9259691975681656,6.981332256317138,2.899919033050537
235,2.925026441673677,6.984261322021484,2.8987202644348145
236,2.9241058141830933,6.98905683517456,2.9016168117523193
237,2.9233426004049767,6.9919775390625,2.8969342708587646
238,2.9223271656227876,6.9965435333251955,2.8952507972717285
239,2.921130830025577,6.999216430664062,2.9000918865203857
240,2.920503967258346,7.004438060760498,2.9048454761505127
241,2.9193043435912536,7.007682479858398,2.895167112350464
242,2.918137833775287,7.011068347930908,2.8941328525543213
243,2.9173174928948584,7.014985958099365,2.8960041999816895
244,2.9163986674274307,7.019424774169922,2.89319109916687
245,2.9155836378235414,7.022208972930908,2.8964812755584717
246,2.914630329752543,7.0259096145629885,2.891761541366577
247,2.913648936164427,7.030393203735351,2.893310785293579
248,2.912822279106661,7.0328139839172366,2.8922507762908936
249,2.9121431648491853,7.036776332855225,2.898192882537842
250,2.911018640161997,7.040899887084961,2.8940224647521973
251,2.9101411717005043,7.044371532440185,2.896406888961792
252,2.9092367078405785,7.048149303436279,2.891752243041992
253,2.908421206187053,7.051086475372315,2.893695592880249
254,2.907157293763984,7.054971950531006,2.89288592338562
255,2.9063732250627266,7.0593777160644535,2.8916189670562744
256,2.9057015056112205,7.061881786346436,2.8925423622131348
257,2.9046641942487663,7.065338630676269,2.8943703174591064
258,2.903683605443043,7.069518115997314,2.892737865447998
259,2.90315338885449,7.07348603439331,2.8968851566314697
260,2.902405900170047,7.075739376068115,2.894534111022949
261,2.901769433155596,7.079943325042724,2.894160509109497
262,2.9009705724486388,7.082987213134766,2.893623113632202
263,2.89975718944427,7.086324150085449,2.8915352821350098
264,2.8988665500319146,7.089994087219238,2.8920934200286865
265,2.8980896525593645,7.0937160987854,2.8940320014953613
266,2.8973504707037683,7.0975348701477055,2.893493890762329
267,2.896371522581721,7.100038234710693,2.900733232498169
268,2.8957184533996276,7.103676136016846,2.9019827842712402
269,2.8951596940856383,7.10673316192627,2.9158780574798584
270,2.8944109285691657,7.109655014038086,2.8986401557922363
271,2.8934032692009186,7.1141634407043455,2.917266845703125
272,2.89272287284514,7.116332893371582,2.900053024291992
273,2.8916226433941636,7.120581069946289,2.9042067527770996
274,2.8909312582398994,7.123256313323974,2.8956809043884277
275,2.8901838351445024,7.126832836151123,2.9331016540527344
276,2.889669166032569,7.130399951934814,2.897820472717285
277,2.889086218722853,7.1330961456298825,2.903433322906494
278,2.8882561692272324,7.136574214935303,2.8995535373687744
279,2.8876780132692024,7.140278690338135,2.9347262382507324
280,2.8869334784856284,7.1431985816955565,2.9008421897888184
281,2.8858913398650756,7.1458298797607425,2.9042110443115234
282,2.8853275129594,7.149724803924561,2.900257110595703
283,2.8842852158718797,7.1521344528198245,2.906198024749756
284,2.8835958113153297,7.1563610725402835,2.898571729660034
285,2.8831230454655534,7.159048122406006,2.902242660522461
286,2.882433292377426,7.161688510894775,2.9021172523498535
287,2.8819198603610916,7.164855567932129,2.9267807006835938
288,2.880999094989884,7.1690445861816405,2.9114134311676025
289,2.8802219361186507,7.17135636138916,2.903496742248535
290,2.8797118730813147,7.174809024810791,2.9024970531463623
291,2.879373659570533,7.177735328674316,2.901541233062744
292,2.8786686807272424,7.180606437683106,2.903984785079956
293,2.877674710319703,7.183363204956055,2.895376443862915
294,2.876975318992952,7.186238826751709,2.898359537124634
295,2.876332143703139,7.18958999633789,2.8946712017059326
296,2.875745441061426,7.193051521301269,2.9063446521759033
297,2.875177525612245,7.194837009429931,2.9049367904663086
298,2.8745299127685975,7.198439250946045,2.906083106994629
299,2.873922127317712,7.200448829650879,2.8943769931793213
300,2.872938429974169,7.203928112030029,2.9103667736053467
301,2.8724118495083237,7.207671314239502,2.8962526321411133
302,2.8718834536142617,7.208826042175293,2.904392719268799
303,2.871386107191982,7.21294250869751,2.8949649333953857
304,2.8707102924944405,7.215626628875732,2.9005048274993896
305,2.8704527319674513,7.217571746826172,2.8974292278289795
306,2.8695683742622773,7.22146252822876,2.90545392036438
307,2.868604443159448,7.224156799316407,2.912667751312256
308,2.8679995374028464,7.226988971710205,2.905595541000366
309,2.8676101941181473,7.228820877075195,2.8960046768188477
310,2.8673878266629447,7.231493949890137,2.900135040283203
311,2.8670946685185874,7.234897354125977,2.911421537399292
312,2.8660818860234025,7.237822395324707,2.8988893032073975
313,2.8652485063277093,7.240581420898438,2.901764392852783
314,2.864697837446588,7.243154975891113,2.894104242324829
315,2.863939782701822,7.245926921844482,2.9103074073791504
316,2.863610830172956,7.249501686096192,2.8995659351348877
317,2.8635137784911926,7.250594551086426,2.9050865173339844
318,2.8625841231709983,7.253462913513183,2.8969485759735107
319,2.8617536279571105,7.256325325012207,2.9115991592407227
320,2.8612812795792237,7.260123458862305,2.904489517211914
321,2.86119420557137,7.262576782226563,2.902064323425293
322,2.860439023818357,7.265122615814209,2.8972458839416504
323,2.859586130184342,7.267843246459961,2.940556526184082
324,2.8592137203637855,7.2704621620178225,2.8933420181274414
325,2.8588480451499603,7.272790313720703,2.901325225830078
326,2.8580045647410506,7.274924831390381,2.90761661529541
327,2.857410188659607,7.278898143768311,2.9030747413635254
328,2.8572199737211785,7.280820217132568,2.896450996398926
329,2.8565715704577035,7.283985607147216,2.8966853618621826
330,2.856312814007801,7.286611419677734,2.9005630016326904
331,2.855497365974518,7.290364093780518,2.8987925052642822
332,2.854777765082547,7.291537265777588,2.8962366580963135
333,2.8543822138185004,7.294575828552246,2.895145893096924
334,2.854225547438166,7.297450462341309,2.8960368633270264
335,2.853654611541564,7.298589298248291,2.899784564971924
336,2.8533662662927406,7.301073375701904,2.902665615081787
337,2.852729969714061,7.305429950714111,2.896702289581299
338,2.8523642327412064,7.30737158203125,2.896963119506836
339,2.8516870904639062,7.309901264190674,2.8997225761413574
340,2.8515506729064697,7.312171489715576,2.9190211296081543
341,2.8506204885651307,7.314535396575928,2.897763729095459
342,2.850229621412285,7.317191207885743,2.902186393737793
343,2.850068994794026,7.319521450042725,2.8983757495880127
344,2.8495131209193465,7.320802806854248,2.894577741622925
345,2.848746344746356,7.323514694213867,2.898827075958252
346,2.848297930625548,7.326738803863526,2.901153326034546
347,2.847592408398548,7.328199077606201,2.8913209438323975
348,2.8472308652946747,7.330901374816895,2.8938817977905273
349,2.84706149905561,7.334103191375733,2.896406888961792
350,2.8466029143237686,7.336285659790039,2.898181438446045
351,2.8463968737537124,7.338219409942627,2.898435354232788
352,2.845292438943702,7.340564441680908,2.895673990249634
353,2.845100144305861,7.341795951843261,2.8947219848632812
354,2.844479440685257,7.344730209350586,2.897230863571167
355,2.8440681624125284,7.3476091003417965,2.893667221069336
356,2.843925419581463,7.350708053588868,2.8955905437469482
357,2.8438604275385537,7.352554931640625,2.8964624404907227
358,2.8427131932423295,7.354979820251465,2.8963589668273926
359,2.842177844430548,7.356325740814209,2.895678997039795
360,2.841681799256658,7.359140815734864,2.8969972133636475
361,2.841489079965645,7.361973598480224,2.8984649181365967
362,2.8410347034653505,7.363632759094238,2.90028715133667
363,2.8409359115194603,7.365769218444824,2.897186517715454
364,2.8407674697508294,7.368922645568848,2.9036993980407715
365,2.840043286243117,7.371158554077148,2.896547317504883
366,2.8391067191778894,7.372939624786377,2.8966219425201416
367,2.838785937033504,7.375824520111084,2.896301507949829
368,2.8385349004622924,7.379113391876221,2.897578001022339
369,2.8384841273587393,7.380522319793701,2.8909568786621094
370,2.837483075249147,7.38377331161499,2.8968498706817627
371,2.8371370571205414,7.3849320945739745,2.8952291011810303
372,2.8372047253880637,7.387864898681641,2.9003186225891113
373,2.8367964120275047,7.389766368865967,2.8989131450653076
374,2.8368957708159606,7.3921445388793945,2.8982045650482178
375,2.836125316390072,7.3938757514953615,2.892848253250122
376,2.8351432621239656,7.396296859741211,2.892158031463623
377,2.8344948808830903,7.398488971710205,2.8944108486175537
378,2.8350830432401604,7.4007096786499025,2.897617816925049
379,2.8347190316901147,7.4025481491088865,2.8942084312438965
380,2.8339593903606675,7.406244194030761,2.8914003372192383
381,2.8329917106283715,7.407837032318115,2.8934104442596436
382,2.833108984801664,7.411124099731445,2.8916585445404053
383,2.8326896567900017,7.413486434936523,2.8951027393341064
384,2.8323894782238694,7.413694965362549,2.893897533416748
385,2.832045512984555,7.41689714050293,2.8956892490386963
386,2.832050883147611,7.418568691253662,2.8960301876068115
387,2.8314396784487497,7.420090766906738,2.8951828479766846
388,2.8303535516003526,7.421676044464111,2.8915042877197266
389,2.830231227070452,7.425541881561279,2.892242670059204
390,2.8297851559627487,7.425964527130127,2.893853187561035
391,2.829621231220812,7.429248161315918,2.896244525909424
392,2.829552131005559,7.431315883636475,2.8951730728149414
393,2.8295262908361045,7.433300994873047,2.9023337364196777
394,2.828733179463919,7.4353370742797855,2.893515110015869
395,2.828218047877392,7.437263557434082,2.893807888031006
396,2.8276187995351463,7.439928329467773,2.89204740524292
397,2.827241246958813,7.441516143798828,2.897775650024414
398,2.827618069438092,7.444540802001953,2.895932674407959
399,2.827262312054155,7.446424060821533,2.891597270965576
400,2.826932728051182,7.447767890930176,2.8924975395202637
401,2.8259382046848893,7.450203868865967,2.8938910961151123
402,2.8257025049393434,7.452977886199951,2.8964221477508545
403,2.8256131635612274,7.453151138305664,2.8991806507110596
404,2.824927481781527,7.455924175262451,2.8935694694519043
405,2.8243325675826476,7.456803478240967,2.8958113193511963
406,2.824396852029854,7.4584528274536135,2.8950204849243164
407,2.82419737610951,7.461052085876465,2.8954918384552
408,2.8238644240850426,7.464957050323486,2.8939645290374756
409,2.823701271091599,7.466170318603516,2.89618182182312
410,2.8231584389046973,7.465980964660645,2.9018795490264893
411,2.822196697614279,7.469434547424316,2.893868923187256
412,2.8218210566953483,7.469978439331054,2.896923780441284
413,2.8215939333161195,7.473107421875,2.89363431930542
414,2.8216126405570403,7.4753345794677735,2.894198179244995
415,2.8220333320548736,7.476589447021484,2.893030881881714
416,2.8212532159315056,7.478205589294434,2.893341302871704
417,2.820400101592742,7.480481647491455,2.8949294090270996
418,2.8201274254235877,7.483304775238037,2.8957464694976807
419,2.8194632563725053,7.484630664825439,2.8909313678741455
420,2.8195822147959206,7.485758979797363,2.892038345336914
421,2.819244973152038,7.488946083068847,2.8972246646881104
422,2.8186275188223906,7.489553791046142,2.8997490406036377
423,2.8186245443351776,7.492424659729004,2.895672559738159
424,2.8183997089125543,7.49524169921875,2.8906261920928955
425,2.81750472817555,7.495500549316406,2.894935369491577
426,2.8170612389782823,7.497568355560302,2.8936808109283447
427,2.817259643451277,7.499904918670654,2.8932878971099854
428,2.8166832253636125,7.500789558410644,2.895874261856079
429,2.816189550970453,7.50534020614624,2.8949267864227295
430,2.8172243934079826,7.504910659790039,2.894684314727783
431,2.8161703783824263,7.507755138397217,2.8941619396209717
432,2.815489502316977,7.51033313369751,2.891333818435669
433,2.8152085135739493,7.511642776489258,2.8960793018341064
434,2.815310024832147,7.512424263000488,2.8918471336364746
435,2.8150318123729354,7.514797836303711,2.8900463581085205
436,2.814700763867083,7.516183177947998,2.893186330795288
437,2.814024975022159,7.519173412322998,2.8924930095672607
438,2.8136086162314355,7.519703022003174,2.894819736480713
439,2.8135465388317185,7.5228744316101075,2.8947720527648926
440,2.813008736893834,7.52447840499878,2.8950536251068115
441,2.812818605258283,7.524765811920166,2.896883964538574
442,2.812610600368086,7.527494853973389,2.8953897953033447
443,2.8120256442142777,7.528201145172119,2.893717050552368
444,2.8122844336980797,7.529801937103271,2.893310546875
445,2.811767225763405,7.5325564231872555,2.8921658992767334
446,2.8111489680876214,7.532748470306396,2.894392967224121
447,2.8110389130182534,7.535163681030274,2.8937816619873047
448,2.8104126333711617,7.53709073638916,2.8942770957946777
449,2.8101122680916846,7.539687072753906,2.8913323879241943
450,2.8103295354000535,7.541307361602783,2.8970894813537598
451,2.810980076770706,7.5429419364929196,2.896043539047241
452,2.810193163324073,7.545082302093506,2.8943262100219727
453,2.8091508705453223,7.545874782562256,2.894054651260376
454,2.8086305354014938,7.548061180114746,2.893409013748169
455,2.8083625289809753,7.5500269050598146,2.893017053604126
456,2.8084489758234903,7.550756290435791,2.894869089126587
457,2.808129571049089,7.552164436340332,2.894331216812134
458,2.8080982568273583,7.55403560256958,2.894477367401123
459,2.8084961228581315,7.555655300140381,2.8929085731506348
460,2.807899894005802,7.558785194396973,2.8981118202209473
461,2.807219326256748,7.560065338134765,2.893110990524292
462,2.806562086185777,7.561045803070068,2.8946216106414795
463,2.806211750191378,7.563382465362549,2.9000327587127686
464,2.80617145745151,7.564688003540039,2.893559455871582
465,2.8064977835459883,7.567618328094483,2.8992505073547363
466,2.8062430060053445,7.568241771697998,2.89734148979187
467,2.8054643270959816,7.569097408294677,2.8989505767822266
468,2.804986366306443,7.570847114562988,2.8998639583587646
469,2.80483355579606,7.57477137374878,2.8939340114593506
470,2.804615714463843,7.573386444091797,2.900543689727783
471,2.804025956425801,7.577695461273193,2.8965909481048584
472,2.8043506202927553,7.580702476501465,2.8938333988189697
473,2.804991912171544,7.580793766021729,2.8969404697418213
474,2.8041385057939583,7.580662948608398,2.899265766143799
475,2.803082580068504,7.581775295257568,2.897714138031006
476,2.803275382183642,7.585492679595947,2.893737316131592
477,2.8028594619299034,7.586657627105713,2.890650987625122
478,2.8021733205481225,7.588806503295898,2.8923535346984863
479,2.801428533940909,7.5901953277587895,2.9017608165740967
480,2.8015808738379113,7.591601440429687,2.897041082382202
481,2.801988793664189,7.592724800109863,2.8934333324432373
482,2.802078231271491,7.593790126800537,2.8958802223205566
483,2.801821156677951,7.596181838989258,2.898358106613159
484,2.8013233970925513,7.598578796386719,2.892742395401001
485,2.8013082867166603,7.598774627685547,2.8918678760528564
486,2.8002232361031343,7.601585048675537,2.8932855129241943
487,2.7994329694763245,7.605179534912109,2.8962411880493164
488,2.799100705418721,7.605298469543457,2.8949716091156006
489,2.798745844737593,7.60912890625,2.9050681591033936
490,2.799273672831585,7.609866096496582,2.895198345184326
491,2.7997555287487534,7.6095370712280275,2.89623761177063
492,2.7992456213058716,7.61141293334961,2.8949010372161865
493,2.7984753253469505,7.614471813201904,2.892725706100464
494,2.798604825414328,7.616532634735107,2.896347761154175
495,2.7979108008993676,7.617651790618896,2.8919918537139893
496,2.79757410168169,7.62083324432373,2.891829490661621
497,2.798047911689942,7.619349990844727,2.8908698558807373
498,2.7978979928426475,7.62257767868042,2.8937342166900635
499,2.7976477328074507,7.623944087982178,2.8987627029418945
500,2.796906937557052,7.625167873382568,2.8937761783599854
501,2.7964746435004546,7.62585196685791,2.892749547958374
502,2.7967743892746277,7.6273348350524905,2.8952291011810303
503,2.7969524180554,7.6291466941833495,2.892634153366089
504,2.7962369181544906,7.631072662353516,2.8926870822906494
505,2.7963355971148696,7.633483737945556,2.89562726020813
506,2.795628373402668,7.634473316192627,2.9035680294036865
507,2.7949968279604933,7.634317451477051,2.893758773803711
508,2.7950345938464247,7.638042861938477,2.8925464153289795
509,2.794236650907371,7.639539974212647,2.894923686981201
510,2.793938892912194,7.642458385467529,2.8918046951293945
511,2.7947431204309425,7.641827114105225,2.897968292236328
512,2.7946073458376657,7.644351257324219,2.8986082077026367
513,2.7946026162450095,7.646901874542237,2.89791202545166
514,2.793772991402561,7.6478278465270995,2.89821457862854
515,2.793645460442846,7.648723636627198,2.892507791519165
516,2.792774131020389,7.648896099090576,2.895493507385254
517,2.7933521912279855,7.651369686126709,2.8952839374542236
518,2.7924896033413438,7.652622192382813,2.902121067047119
519,2.7932551462487525,7.654644260406494,2.8911728858947754
520,2.7926342458610076,7.6549399528503415,2.891284227371216
521,2.7921232650557677,7.656975341796875,2.8917689323425293
522,2.7919458146076126,7.658875881195068,2.8934576511383057
523,2.7913442826175308,7.659389839172364,2.8925769329071045
524,2.790970888482519,7.661408763885498,2.893278121948242
525,2.7907844384511313,7.662873928070068,2.8904144763946533
526,2.7910506629560845,7.665369251251221,2.893688678741455
527,2.7915519351461326,7.66633837890625,2.9004533290863037
528,2.791371369457628,7.666306652069092,2.9001219272613525
529,2.790126576481095,7.6691227035522465,2.891037940979004
530,2.7901626260405084,7.669314399719238,2.8927221298217773
531,2.7899279824222427,7.672759078979492,2.894503355026245
532,2.7896558256991897,7.673349376678467,2.8955774307250977
533,2.7890933924410715,7.675080074310303,2.893040180206299
534,2.790013415746421,7.676449607849121,2.8928580284118652
535,2.7903800427195535,7.677086376190186,2.8945441246032715
536,2.7897596258714974,7.680350673675537,2.893629550933838
537,2.789048562088166,7.681992164611817,2.8982536792755127
538,2.7880639824043794,7.683070770263672,2.8945281505584717
539,2.787548065185547,7.683987140655518,2.892045736312866
540,2.7878965019700996,7.686636177062988,2.8950483798980713
541,2.7872831352264527,7.686086894989014,2.893847942352295
542,2.78772227400278,7.688002643585205,2.892791748046875
543,2.788261577786212,7.689291465759277,2.8952765464782715
544,2.787674979033719,7.691084796905518,2.895062208175659
545,2.78733272054588,7.691834732055664,2.89743709564209
546,2.7869449940072486,7.692316631317139,2.8991308212280273
547,2.786586849565008,7.695461399078369,2.893810510635376
548,2.7864210677434165,7.696250347137451,2.8948240280151367
549,2.787423550364483,7.697654682159424,2.8934054374694824
550,2.786329638048348,7.699224285125732,2.892704486846924
551,2.785499450672104,7.700604705810547,2.8988780975341797
552,2.785327830467837,7.701894973754883,2.891758680343628
553,2.785450551404532,7.701776077270508,2.8913955688476562
554,2.785501912894498,7.7043592033386235,2.8905186653137207
555,2.7849293904132155,7.705948070526123,2.891815423965454
556,2.7847475766178116,7.708959831237793,2.900489091873169
557,2.784446952333412,7.7074277839660645,2.899272918701172
558,2.784429029767293,7.7105345573425295,2.8945064544677734
559,2.7842753929306703,7.713034454345703,2.894975185394287
560,2.783641596874559,7.715747848510742,2.897573709487915
561,2.7823923065001708,7.714332286834717,2.896092653274536
562,2.783026406085156,7.7174889259338375,2.892817258834839
563,2.783868500985295,7.719148464202881,2.8915820121765137
564,2.783744110161042,7.719208229064941,2.8935539722442627
565,2.7838685474242553,7.720830543518066,2.895869493484497
566,2.783095772486614,7.7223169784545895,2.898969888687134
567,2.7820298250420503,7.724447128295899,2.896686315536499
568,2.7817535108351805,7.724627689361572,2.8951423168182373
569,2.7807724356172554,7.727461906433105,2.8916938304901123
570,2.7815635812330437,7.727684967041015,2.8921828269958496
571,2.782465834215463,7.730696914672851,2.8949995040893555
572,2.781755226204194,7.732281890869141,2.8951756954193115
573,2.781027236138003,7.731839210510254,2.8988516330718994
574,2.7810615880422325,7.733886302947998,2.891892194747925
575,2.780826415402822,7.734555877685547,2.8939220905303955
576,2.7807087208851273,7.736117523193359,2.894752025604248
577,2.780383558158415,7.7377154235839845,2.891085147857666
578,2.7801201563762374,7.73858406829834,2.8915789127349854
579,2.779999652062075,7.741409976959228,2.8928937911987305
580,2.7801941369910796,7.7416441497802735,2.892977476119995
581,2.7797108610949843,7.742861568450928,2.8972251415252686
582,2.77891104001118,7.744622722625732,2.898228406906128
583,2.778949151077424,7.746221099853516,2.8954243659973145
584,2.779760224273406,7.747660289764404,2.8936285972595215
585,2.78000757828295,7.748802806854248,2.8991024494171143
586,2.7797295534945876,7.749065578460693,2.8909614086151123
587,2.779034427370891,7.751782093048096,2.8930928707122803
588,2.777440017006962,7.753300086975098,2.8918099403381348
589,2.77765565560046,7.754228420257569,2.894087553024292
590,2.7786185640886605,7.755880722045898,2.8937201499938965
591,2.777848413670398,7.755706859588623,2.889125108718872
592,2.777465370764215,7.75871923828125,2.890577554702759
593,2.777298123960993,7.758885925292969,2.8926541805267334
594,2.777129529470421,7.762161102294922,2.900498628616333
595,2.776241527503753,7.762776920318603,2.894630193710327
596,2.7770705108182976,7.764095527648926,2.8918936252593994
597,2.77768092701234,7.763144027709961,2.8888986110687256
598,2.7772550075408446,7.7648590965271,2.8910486698150635
599,2.776804623833622,7.7672737579345705,2.8908636569976807
600,2.776541505472727,7.768008895874024,2.8933846950531006
601,2.7758435671588026,7.7707402153015135,2.8932650089263916
602,2.7759159951803674,7.771946804046631,2.8992702960968018
603,2.7747638014904465,7.772142314910889,2.8942441940307617
604,2.7759168162403336,7.7725113716125485,2.9000625610351562
605,2.7755618693838158,7.77579861831665,2.8990299701690674
606,2.77592611264991,7.775654315948486,2.8945674896240234
607,2.7751528230536895,7.776850151062011,2.8940184116363525
608,2.7748389895182535,7.77915438079834,2.889648914337158
609,2.7745227646157447,7.780049110412597,2.895138740539551
610,2.7745189436947006,7.782224636077881,2.895043134689331
611,2.7740630605613372,7.7813436241149905,2.8937275409698486
612,2.774429049836584,7.782635181427002,2.892533302307129
613,2.7735251896831405,7.783869934082031,2.8920140266418457
614,2.7746808978927184,7.784243270874024,2.900418758392334
615,2.7739798970011824,7.7860213661193844,2.896674633026123
616,2.7736563802244194,7.788655334472656,2.893353223800659
617,2.7724664354898843,7.787970016479492,2.8924384117126465
618,2.772209366162618,7.791348693847656,2.890094757080078
619,2.772682519322897,7.791772876739502,2.895061731338501
620,2.77198606514069,7.791764930725098,2.8919942378997803
621,2.773179757068435,7.792947448730469,2.892141103744507
622,2.772176820111562,7.796221328735352,2.9013123512268066
623,2.7723024647877397,7.797819660186768,2.8955633640289307
624,2.772462547064785,7.797022338867188,2.8940961360931396
625,2.7724016057439598,7.799134918212891,2.892681360244751
626,2.7723381318241715,7.7979911499023435,2.8933982849121094
627,2.7716192686892898,7.801615985870361,2.8932888507843018
628,2.7714033902409567,7.802581104278564,2.8915858268737793
629,2.7715807210010697,7.802208782196045,2.8915629386901855
630,2.771659700746038,7.805729717254638,2.893460750579834
631,2.7708696993479287,7.804612808227539,2.892853021621704
632,2.770017176268091,7.806848770141602,2.892155170440674
633,2.769928824949456,7.807741889953613,2.896045684814453
634,2.7705633137599532,7.808767902374267,2.8949060440063477
635,2.7699951484021414,7.811012233734131,2.895657777786255
636,2.7697545060192246,7.811592758178711,2.895894765853882
637,2.7707471679970923,7.810221866607666,2.8923392295837402
638,2.7708295837463623,7.813132568359375,2.8960320949554443
639,2.7705180008248633,7.815915557861328,2.8973913192749023
640,2.7692803522669167,7.8159984130859375,2.8967435359954834
641,2.76931820480699,7.817884998321533,2.8996777534484863
642,2.7692925130507073,7.8186293334960935,2.895122528076172
643,2.769392139940377,7.821057739257813,2.8960676193237305
644,2.7687371026081253,7.822233512878418,2.8904595375061035
645,2.7687075075854257,7.820879055023194,2.889477491378784
646,2.769341958574502,7.8234696846008305,2.890730381011963
647,2.7682679101645227,7.825280982971192,2.8878824710845947
648,2.7681768438423493,7.826596050262451,2.890624523162842
649,2.7685827581758002,7.8287934303283695,2.892345666885376
650,2.769119086993267,7.828281272888184,2.893275737762451
651,2.7682393545127777,7.829542114257812,2.8933119773864746
652,2.7676914379778634,7.829596996307373,2.8933026790618896
653,2.766525709485433,7.831621063232422,2.892970085144043
654,2.76641757995728,7.832562705993652,2.8971543312072754
655,2.766646309550029,7.832986675262451,2.8949475288391113
656,2.7669443270288796,7.835049739837647,2.8899855613708496
657,2.7675189430933878,7.838280628204346,2.8915562629699707
658,2.7672741154590286,7.836795425415039,2.8928935527801514
659,2.7671026230815903,7.837873970031739,2.8917908668518066
660,2.766655474781511,7.841049987792969,2.893476963043213
661,2.7660165283095886,7.8416072959899905,2.891852617263794
662,2.7657945701874884,7.841969394683838,2.9025402069091797
663,2.766222530579471,7.844055854797364,2.89517879486084
664,2.7654962779048935,7.845279399871826,2.896040439605713
665,2.7661639815832237,7.847377464294434,2.8954458236694336
666,2.7660505690249093,7.8460434074401855,2.8934214115142822
667,2.765749945698014,7.84672813796997,2.8926103115081787
668,2.7649906471551184,7.848305126190185,2.8936607837677
669,2.7648808625807244,7.849255397796631,2.8930773735046387
670,2.764776300234967,7.850424129486084,2.89208722114563
671,2.7641490113783074,7.851025444030761,2.89898943901062
672,2.7649182315811096,7.8533716278076175,2.8982481956481934
673,2.7651504249457854,7.853679946899414,2.8937079906463623
674,2.7650092394955186,7.855462017059327,2.895158529281616
675,2.7641272942225137,7.857470695495605,2.892611026763916
676,2.7643875060790033,7.856586074829101,2.8959057331085205
677,2.7640904781808815,7.858364414215088,2.8948071002960205
678,2.763963713224633,7.859555629730225,2.8962976932525635
679,2.7639406153475905,7.86217081451416,2.8980748653411865
680,2.764420082291446,7.863205188751221,2.8964650630950928
681,2.7641659165960717,7.862001510620117,2.9081130027770996
682,2.763231665733828,7.864561069488525,2.900928258895874
683,2.762577907148614,7.866951099395752,2.8942742347717285
684,2.7628669604718925,7.867998592376709,2.891972303390503
685,2.7628692355021895,7.8697599639892575,2.894585132598877
686,2.763178662123929,7.867803592681884,2.8935465812683105
687,2.7634887417636245,7.86928454208374,2.8933303356170654
688,2.7625789790747155,7.8696933975219725,2.895747661590576
689,2.7634161744251786,7.8712681312561035,2.8920845985412598
690,2.7625875544835288,7.872976871490478,2.8905184268951416
691,2.76290198358666,7.872128845214844,2.894986867904663
692,2.762225317667766,7.874862728118896,2.8910441398620605
693,2.7625084244103797,7.874497272491455,2.8922669887542725
694,2.7618643610352973,7.876065475463867,2.891984224319458
695,2.7607162362600426,7.875456806182862,2.8978700637817383
696,2.7605747415358763,7.87748095703125,2.8939783573150635
697,2.7618944525239937,7.878367099761963,2.8927290439605713
698,2.762157309007453,7.879719062805176,2.8943142890930176
699,2.7610809123180955,7.878805347442627,2.890069007873535
700,2.7607831126714806,7.881490905761718,2.8953704833984375
701,2.761119779334011,7.883466819763184,2.897853374481201
702,2.760653517332422,7.886137557983399,2.896380662918091
703,2.760511085690265,7.884735374450684,2.892717123031616
704,2.7603233698381477,7.88677099609375,2.8909752368927
705,2.7601943092652594,7.888063426971436,2.896758556365967
706,2.7599700392489455,7.8872755393981935,2.8933746814727783
707,2.759417202578012,7.891381912231445,2.8936245441436768
708,2.759612016888507,7.889628749847412,2.8972954750061035
709,2.760058060228585,7.8914209060668945,2.8975541591644287
710,2.7600399035526566,7.894112026214599,2.8969502449035645
711,2.760015976955613,7.894072124481201,2.89511775970459
712,2.7593194624506325,7.896034000396728,2.897646427154541
713,2.7596066385866647,7.894865604400635,2.8928115367889404
714,2.75854762395223,7.898231456756592,2.8978497982025146
715,2.758274824265017,7.897358428955078,2.894895315170288
716,2.7592039783316924,7.898325191497802,2.9003491401672363
717,2.760458869627681,7.89856734085083,2.891664981842041
718,2.7595274295194083,7.899976905822754,2.9040329456329346
719,2.759038465090066,7.8995393333435056,2.897578239440918
720,2.7582316049131523,7.901731887817383,2.8976938724517822
721,2.7582262658689873,7.902783542633057,2.8940529823303223
722,2.7575289087601935,7.904060287475586,2.889669418334961
723,2.758437511432602,7.904661933898926,2.8917222023010254
724,2.758197009802822,7.9068035240173336,2.8923134803771973
725,2.757369422529596,7.9082566833496095,2.8907628059387207
726,2.7567158425189406,7.9079945907592775,2.890977144241333
727,2.757866272964631,7.909829177856445,2.893829584121704
728,2.757508015536879,7.908502540588379,2.893706798553467
729,2.7570983406051575,7.910137966156006,2.896305561065674
730,2.7574661721187423,7.911837184906006,2.8944830894470215
731,2.756770563891614,7.914740966796875,2.8914761543273926
732,2.7569468495357468,7.913558643341064,2.8932671546936035
733,2.755819559576042,7.915412162780762,2.892582654953003
734,2.7552268016769226,7.9149819831848145,2.8915059566497803
735,2.756325371772889,7.915622825622559,2.8928215503692627
736,2.7570492718593185,7.919290370941162,2.892336845397949
737,2.757263349242,7.9176288604736325,2.8909788131713867
738,2.756369929237059,7.918610008239746,2.8948981761932373
739,2.7556899335968446,7.918709297180175,2.895585298538208
740,2.7551547375070045,7.921232166290284,2.89972186088562
741,2.7558021770423675,7.923247943878174,2.89129638671875
742,2.7549521468250626,7.924087139129639,2.891422748565674
743,2.75471484373851,7.924402702331543,2.8958094120025635
744,2.75465034864035,7.923101245880127,2.891260862350464
745,2.755302926143968,7.924373821258545,2.8915679454803467
746,2.7558384267201865,7.925817649841308,2.8924803733825684
747,2.756661444782732,7.928188381195068,2.892033338546753
748,2.755262530472384,7.929229095458984,2.897878646850586
749,2.755324265564302,7.929121360778809,2.897239923477173
750,2.754045365325897,7.930908130645752,2.893179178237915
751,2.7528278784579543,7.931604614257813,2.8916046619415283
752,2.7541504155201126,7.930980716705323,2.8931305408477783
753,2.7546759963514336,7.9315871772766116,2.8948605060577393
754,2.754216538854392,7.932164901733398,2.8934035301208496
755,2.7537034754772263,7.9323909416198735,2.8931915760040283
756,2.7535111588167855,7.934886810302735,2.894904613494873
757,2.754009099849257,7.936883861541748,2.895509958267212
758,2.7534650185979515,7.936371829986572,2.900986433029175
759,2.7530729354146017,7.93909508895874,2.8969244956970215
760,2.752623169776426,7.9395044364929195,2.8926632404327393
761,2.7528258375374666,7.93989306640625,2.894178628921509
762,2.752632579171514,7.941327655792237,2.895843982696533
763,2.752850717808827,7.9409158897399905,2.893009662628174
764,2.7526787859368995,7.940513446807861,2.8938002586364746
765,2.7526596104763597,7.941777587890625,2.8929383754730225
766,2.7529426142872575,7.945640445709229,2.893923759460449
767,2.7528385005322806,7.9447412109375,2.899850845336914
768,2.752103492438075,7.945186130523681,2.900420665740967
769,2.752425847762081,7.945466499328614,2.8943333625793457
770,2.7517836342853714,7.946467697143555,2.894941806793213
771,2.751482438849637,7.948587181091309,2.8940646648406982
772,2.750802763973374,7.9498925857543945,2.8940799236297607
773,2.7505440041722062,7.949858745574951,2.893434524536133
774,2.751802955765322,7.951210941314697,2.8994226455688477
775,2.752099833814016,7.950447124481201,2.896653175354004
776,2.751626635651033,7.951186084747315,2.8932695388793945
777,2.7512462191792375,7.954106639862061,2.894103527069092
778,2.7505607399117036,7.953787296295166,2.8966026306152344
779,2.7501491667276405,7.956377746582032,2.890939235687256
780,2.750284246651523,7.955948959350586,2.893826961517334
781,2.749476536210761,7.956224838256836,2.8941478729248047
782,2.750796645041929,7.958239921569824,2.8943512439727783
783,2.7511062430569444,7.95915669631958,2.8945772647857666
784,2.752042135560369,7.962849849700928,2.893622636795044
785,2.751195086054055,7.96241431427002,2.8916232585906982
786,2.750361545497634,7.964553611755371,2.8963022232055664
787,2.7495119724886483,7.963133842468261,2.9019269943237305
788,2.7502623274623152,7.966399463653564,2.8902671337127686
789,2.7498965014415573,7.967434890747071,2.89249587059021
790,2.74995312058782,7.967979465484619,2.891281843185425
791,2.749162363718791,7.966604679107666,2.8925890922546387
792,2.748258564366873,7.96858464050293,2.893467664718628
793,2.748640032657179,7.9705130424499515,2.8929245471954346
794,2.749641561125177,7.969554649353027,2.889885425567627
795,2.7498092785417794,7.9703735237121585,2.8907036781311035
796,2.7488943003267647,7.973207836151123,2.8954243659973145
797,2.7496324935591363,7.973479236602783,2.896735191345215
798,2.750733629766717,7.976814037322998,2.8907434940338135
799,2.7487122332714646,7.975048606872559,2.8941383361816406
800,2.7480809990181982,7.974668361663818,2.8902533054351807
801,2.747959867059945,7.977386215209961,2.88991641998291
802,2.748322259470162,7.977600547790527,2.8934502601623535
803,2.7486628317928696,7.977236946105957,2.8929097652435303
804,2.74914822090103,7.979778171539307,2.8917486667633057
805,2.748637355953814,7.979690113067627,2.8905768394470215
806,2.747514198582814,7.979224655151367,2.8981876373291016
807,2.7463082544296142,7.98174199295044,2.8943045139312744
808,2.7469524959005027,7.983560203552246,2.8904762268066406
809,2.74766958382235,7.983668334960938,2.895228147506714
810,2.748786644763257,7.985978382110596,2.892874240875244
811,2.74853411783655,7.986703163146973,2.8925979137420654
812,2.748066076791909,7.9863987770080564,2.8913135528564453
813,2.74686838058104,7.98745246887207,2.8915352821350098
814,2.747626668956864,7.989559616088867,2.9060218334198
815,2.7473808977019836,7.989024925231933,2.8942055702209473
816,2.7469276438755204,7.989228969573975,2.8962082862854004
817,2.7472596383956542,7.991666580200195,2.8957138061523438
818,2.747018228094262,7.992551280975341,2.9014670848846436
819,2.7448259367042755,7.992991970062256,2.8955137729644775
820,2.745126058777652,7.993249217987061,2.893146514892578
821,2.7467922795728508,7.995396595001221,2.8944051265716553
822,2.7471720578680077,7.996452602386475,2.8963491916656494
823,2.7470972317768387,7.996723087310791,2.8952138423919678
824,2.7471164125036522,7.9960027656555175,2.897225856781006
825,2.7452803342696654,7.999485008239746,2.900996685028076
826,2.7453051484732263,7.998249229431153,2.89670991897583
827,2.7454823734291107,8.001249420166015,2.890782117843628
828,2.7459733107961326,8.00121445465088,2.8976309299468994
829,2.7464507961847695,8.000731285095215,2.89615535736084
830,2.74599064976336,8.002135631561279,2.896275520324707
831,2.7453549492311287,8.003644744873046,2.893430233001709
832,2.746981103736234,8.00339486694336,2.893909454345703
833,2.74585633488544,8.004694522857665,2.894763946533203
834,2.745331447766009,8.004559200286865,2.891535758972168
835,2.7444317096687225,8.007961944580078,2.892989158630371
836,2.7451088318384316,8.00807368850708,2.894547700881958
837,2.744766414883625,8.010079444885253,2.8917720317840576
838,2.7447513394566423,8.009783988952636,2.890986442565918
839,2.743876009102327,8.009584636688233,2.8924028873443604
840,2.7438906565248726,8.01215507888794,2.8916304111480713
841,2.7442874266919364,8.012451545715333,2.8907642364501953
842,2.7443276887916657,8.012074993133545,2.899930000305176
843,2.744682006567836,8.014385940551758,2.8962554931640625
844,2.7439876024024077,8.013344554901122,2.899836540222168
845,2.7435984247659584,8.015837474822998,2.8967156410217285
846,2.7444841382972687,8.01439415359497,2.8919267654418945
847,2.745442135745742,8.017711975097656,2.8943939208984375
848,2.7446241278246224,8.017408348083496,2.8923914432525635
849,2.744046895379522,8.019351108551025,2.8931705951690674
850,2.7432822951351303,8.021455547332764,2.894761085510254
851,2.7427891133779503,8.020750984191894,2.893493175506592
852,2.7436018248638474,8.020155086517335,2.8977184295654297
853,2.7427739737981773,8.022131134033204,2.8900110721588135
854,2.742560751466866,8.02069741821289,2.8981313705444336
855,2.742908904830136,8.024232982635498,2.89744234085083
856,2.7438246514423783,8.027361347198486,2.8885037899017334
857,2.7435208041983916,8.027759330749511,2.890364170074463
858,2.7429480021258437,8.025969291687012,2.889450788497925
859,2.742860553255043,8.025246803283691,2.892723560333252
860,2.742850551643525,8.026305171966552,2.8940632343292236
861,2.7426654718008385,8.029464282989501,2.890989065170288
862,2.7434350864954262,8.029806518554688,2.894200563430786
863,2.7424399129836914,8.028132289886475,2.894540786743164
864,2.7421305256196296,8.03193981552124,2.8992583751678467
865,2.74079327363087,8.031728679656982,2.891652822494507
866,2.7424857606849518,8.031319965362549,2.8903472423553467
867,2.74183316020123,8.033463970184327,2.8893930912017822
868,2.741882935106515,8.03144023513794,2.892108678817749
869,2.741226182884002,8.033543800354003,2.8933987617492676
870,2.7420843198117484,8.034794719696045,2.8920674324035645
871,2.7420527781827384,8.03637742614746,2.8965439796447754
872,2.7411081719111245,8.03868949508667,2.896700382232666
873,2.7414319457778014,8.036389976501464,2.8936386108398438
874,2.7423764084237647,8.039887168884277,2.893484592437744
875,2.7411531382296457,8.040399848937989,2.8915278911590576
876,2.741662058964312,8.04169347000122,2.8905999660491943
877,2.742294022357129,8.041036060333251,2.8920247554779053
878,2.7414349619164526,8.042922031402588,2.889068841934204
879,2.7407523781420235,8.042582584381103,2.8973846435546875
880,2.7387340121479875,8.043719787597656,2.890907049179077
881,2.7391987818790726,8.046067756652832,2.892742156982422
882,2.7406820590237535,8.046832355499268,2.8888444900512695
883,2.7412292579091697,8.04615060043335,2.8980751037597656
884,2.7409249793094803,8.046556716918944,2.896904230117798
885,2.740461501730494,8.047800441741943,2.894418478012085
886,2.7399386426052414,8.049970058441161,2.8955469131469727
887,2.73892731455914,8.052713806152344,2.894782304763794
888,2.7402267187953475,8.05259017944336,2.8944966793060303
889,2.740209589521569,8.05254238128662,2.890808343887329
890,2.7396388982673248,8.051450634002686,2.8939521312713623
891,2.739319773562941,8.051933494567871,2.8981692790985107
892,2.7385628434070144,8.05164448928833,2.89623761177063
893,2.7391597621412163,8.055355213165283,2.8962719440460205
894,2.7395988985237825,8.056903289794922,2.8949708938598633
895,2.739844586475786,8.05686520767212,2.893078088760376
896,2.7391191093797187,8.058907718658448,2.8942818641662598
897,2.7390281359354653,8.058457611083984,2.894047975540161
898,2.738891569964857,8.059824687957764,2.894174814224243
899,2.7385647545856644,8.059513980865479,2.8911502361297607
900,2.738443329152333,8.06095652770996,2.8926095962524414
901,2.7379475721872475,8.059775257110596,2.891997814178467
902,2.737383964550064,8.062559272766114,2.8964548110961914
903,2.7373948896745124,8.063401145935059,2.8932647705078125
904,2.7381568347593865,8.06461001586914,2.8905231952667236
905,2.7388993549538423,8.064233489990235,2.8915257453918457
906,2.738787158426032,8.067567279815673,2.8899850845336914
907,2.7382179388559487,8.068317504882813,2.8922829627990723
908,2.737306383718927,8.06799291229248,2.895036458969116
909,2.736536213671826,8.068771347045898,2.8937437534332275
910,2.7366831192529824,8.069714641571045,2.904582977294922
911,2.7379181538240975,8.071280658721923,2.8974709510803223
912,2.739194562157474,8.071774520874023,2.89894962310791
913,2.737576174927524,8.070252338409423,2.895549774169922
914,2.73684611186445,8.072958843231202,2.8930349349975586
915,2.737042541006004,8.076561138153076,2.902707576751709
916,2.738148045348355,8.075888786315918,2.888129472732544
917,2.736865546329912,8.078879722595214,2.8957152366638184
918,2.7364379574496103,8.076318145751953,2.8941078186035156
919,2.735060428041052,8.079367572784424,2.8926353454589844
920,2.736374121593184,8.07841944885254,2.89091420173645
921,2.7377115358789283,8.079271778106689,2.8990275859832764
922,2.7369377186978197,8.081064582824707,2.893582820892334
923,2.7374092852734178,8.08074473953247,2.893721580505371
924,2.7365779421894425,8.080509170532226,2.8943216800689697
925,2.7355320898883315,8.0843624458313,2.8898463249206543
926,2.7349865288140784,8.08227193069458,2.8961901664733887
927,2.73596314254056,8.085568668365479,2.889801263809204
928,2.7361108576916306,8.082218837738036,2.8894906044006348
929,2.7363858740013765,8.084430797576903,2.892230987548828
930,2.736941893416715,8.082143077850342,2.8927321434020996
931,2.734786630155571,8.085173973083496,2.897528886795044
932,2.734608909212442,8.087741287231445,2.8974990844726562
933,2.734942781398574,8.08765747833252,2.8990724086761475
934,2.7356006136859756,8.089396812438965,2.8932201862335205
935,2.73562760046687,8.088369209289551,2.890817403793335
936,2.735507553361027,8.089168426513671,2.890058755874634
937,2.7351883367362273,8.090411552429199,2.892127275466919
938,2.734199522489525,8.091550956726074,2.894317388534546
939,2.733987521454991,8.09299210357666,2.8930840492248535
940,2.7345994203444945,8.092742610931397,2.8950226306915283
941,2.734552577317479,8.093235385894776,2.8952507972717285
942,2.7337058892690513,8.096051921844483,2.888967514038086
943,2.7348204147384827,8.093703365325927,2.888035774230957
944,2.7358052740135346,8.098322608947754,2.891498327255249
945,2.7347301273460847,8.095188430786132,2.892336845397949
946,2.734998179248059,8.09809550857544,2.8991200923919678
947,2.7340589440970056,8.098167350769042,2.8963124752044678
948,2.7336938318957285,8.09933982849121,2.8957033157348633
949,2.7331959971462387,8.099964241027832,2.8928256034851074
950,2.7346668066269904,8.101999027252198,2.897260904312134
951,2.7332252948638427,8.103889862060546,2.892035484313965
952,2.7329036476142914,8.102873355865478,2.8907413482666016
953,2.7325683468316933,8.105024532318115,2.890716552734375
954,2.7340297651099394,8.103814853668213,2.889364719390869
955,2.7335391030254135,8.106585620880127,2.8957746028900146
956,2.733353810138013,8.106728256225585,2.8989429473876953
957,2.7339950302039764,8.104919368743897,2.89421010017395
958,2.7334732396535606,8.108541961669921,2.894043445587158
959,2.7326588075323754,8.10827166748047,2.8939082622528076
960,2.733161782165129,8.108386768341065,2.89497447013855
961,2.7327297519009757,8.109419204711914,2.8899447917938232
962,2.7326668596650703,8.112225875854492,2.8926706314086914
963,2.7321774978714295,8.111859916687012,2.8907601833343506
964,2.733150447228826,8.111735290527344,2.8916447162628174
965,2.732662867829503,8.113033779144287,2.8914411067962646
966,2.7322820362795786,8.116390625,2.8916547298431396
967,2.732543325328444,8.113594161987304,2.8944599628448486
968,2.7323634006890907,8.114720767974854,2.8906896114349365
969,2.732526010777577,8.116616931915283,2.8941261768341064
970,2.731784580701805,8.11624390411377,2.8925726413726807
971,2.7314405197120575,8.116820659637451,2.8902812004089355
972,2.732014015496495,8.116305271148681,2.895625114440918
973,2.7314041876888657,8.11786632156372,2.8903143405914307
974,2.7319091496218637,8.11932253265381,2.892848491668701
975,2.7324652556913445,8.120071857452393,2.8961284160614014
976,2.7326373465089913,8.118182106018066,2.8895349502563477
977,2.7333250519741012,8.118249908447266,2.8915963172912598
978,2.731866413330936,8.121967712402343,2.8926312923431396
979,2.731535608509937,8.120041194915771,2.8925251960754395
980,2.7311344323866815,8.121840839385987,2.892056465148926
981,2.731261843179603,8.121468711853028,2.8929660320281982
982,2.7310170212902696,8.124323825836182,2.894430637359619
983,2.730357613908239,8.122243396759034,2.894670248031616
984,2.7302664973170883,8.123889362335206,2.893693447113037
985,2.7307767963792426,8.125022243499755,2.8985416889190674
986,2.731783180830469,8.123361633300782,2.89851713180542
987,2.731500313942691,8.126350574493408,2.899834156036377
988,2.731283218985102,8.124779319763183,2.89819073677063
989,2.7307342429716424,8.127635669708251,2.89985728263855
990,2.7307175962800483,8.126048892974854,2.8972907066345215
991,2.7304183081929465,8.128991344451904,2.8911375999450684
992,2.7298529488015846,8.131486515045166,2.8905482292175293
993,2.72943435375949,8.131588344573975,2.889751672744751
994,2.731255927239077,8.13235892868042,2.8903403282165527
995,2.7305353496926856,8.131933586120606,2.890662431716919
996,2.731783817092099,8.134610027313233,2.8928439617156982
997,2.7319986734045556,8.13335364151001,2.891549587249756
998,2.729392276710296,8.135597702026367,2.8969640731811523
999,2.7296808464938858,8.136645435333252,2.895263195037842
1000,2.7281265790203966,8.134540985107423,2.8947994709014893
