Epoch,Train_Loss,Val_Loss,Timing
1,5.753526705961961,4.34668459211077,12.168370008468628
2,3.6873976175601664,3.653420959200178,11.527738332748413
3,3.1479679437784047,3.3684389931815013,11.440200328826904
4,2.8278110852608314,3.2171733719961986,11.238731145858765
5,2.616239694448618,3.129227808543614,11.46827745437622
6,2.4583813502238345,3.0702345030648366,11.618017673492432
7,2.332145855976985,3.032783338001796,11.456196308135986
8,2.2310583774860087,3.0037993703569685,11.278701782226562
9,2.1465748090010424,2.9847278935568675,11.849940776824951
10,2.074620246887207,2.9685021809169223,11.664812088012695
11,2.016240894794464,2.9594198635646274,11.706846475601196
12,1.966751868908222,2.9523769106183733,11.302709341049194
13,1.9244765822704022,2.9467904567718506,11.848886728286743
14,1.8877276548972497,2.941767386027745,11.330771207809448
15,1.8576289828007038,2.9411304678235735,11.531201839447021
16,1.83093988436919,2.9394566672188893,11.22066855430603
17,1.8077427240518422,2.9379307883126393,11.67381501197815
18,1.7856775980729322,2.935138838631766,11.32798457145691
19,1.7671794111912067,2.936971460069929,11.485147476196289
20,1.7497210089976971,2.9340626852852956,11.572132110595703
21,1.7338893138445342,2.9342923845563615,11.454530954360962
22,1.718730866909027,2.934943573815482,11.44902229309082
23,1.7055988541016212,2.9355461597442627,11.259450674057007
24,1.693026982820951,2.9356392111097063,11.559265375137329
25,1.6809597198779767,2.9369623320443288,11.475775241851807
26,1.6696190604796777,2.936867816107614,11.571108341217041
27,1.6584005860181956,2.942065477371216,11.231648683547974
28,1.6481013573133028,2.9398131370544434,11.692614555358887
29,1.6384987510167635,2.941093955721174,11.216278553009033
30,1.6298700937857995,2.9449377741132463,11.459057807922363
31,1.6201607814201942,2.946907179696219,11.212174892425537
32,1.6117028548167303,2.9503542695726668,11.73365569114685
33,1.6034163282467768,2.9487361226763045,11.488748550415039
34,1.5961000414995046,2.9541398797716414,11.29447627067566
35,1.5888938812109141,2.949690478188651,11.45996880531311
36,1.581603582088764,2.9605371611458913,11.460323095321655
37,1.5744487689091609,2.959820440837315,11.459805727005005
38,1.5679494646879344,2.9691683564867293,11.227267503738403
39,1.5619566027934735,2.9674248695373535,11.657958507537842
40,1.554955175289741,2.9709921223776683,11.37214207649231
41,1.5489492095433748,2.9763259206499373,11.444254159927368
42,1.5435079473715563,2.978606871196202,11.242379426956177
43,1.538510377590473,2.9875965799604143,11.674939632415771
44,1.5338875651359558,2.984457084110805,11.24009370803833
45,1.5282542292888348,2.9913103921072826,11.527696371078491
46,1.52372407913208,2.9946539402008057,11.313613891601562
47,1.5190410155516405,3.0003116812024797,11.76115369796753
48,1.5142378990466778,3.0016380037580217,11.388901710510254
49,1.5092357580478375,3.0077315058026994,11.533061265945435
50,1.5067083560503447,3.010071345738002,11.234921932220459
51,1.5014655085710378,3.0161095687321255,11.721867561340332
52,1.4992048144340515,3.0222438062940324,11.223498106002808
53,1.4942585688370924,3.0208774975367954,11.451271057128906
54,1.4912431973677416,3.0311854226248607,11.223450422286987
55,1.4891691345434923,3.0316760540008545,11.702760696411133
56,1.4851475954055786,3.0399999959128245,11.542777299880981
57,1.48281736098803,3.035129887717111,11.335313558578491
58,1.4785761603942285,3.0479564326150075,11.584405422210693
59,1.4757259167157686,3.044525282723563,11.546253442764282
60,1.4741185766000013,3.053796018872942,11.532429456710815
61,1.4703216644433827,3.056492941720145,11.234180212020874
62,1.4692863455185523,3.058418342045375,11.223908185958862
63,1.4654624187029326,3.0645253317696706,11.659520626068115
64,1.4644833252980158,3.0671658515930176,11.538005590438843
65,1.461282716347621,3.072057383401053,11.331050872802734
66,1.4597051739692688,3.077283893312727,11.779039859771729
67,1.4580982144062336,3.0784730230058943,11.390397071838379
68,1.4556516179671655,3.0859455381120955,11.54078459739685
69,1.454406513617589,3.084177698407854,11.220201015472412
70,1.4518253115507274,3.0944314002990723,11.70458197593689
71,1.4498992195496192,3.0905685424804688,11.236360549926758
72,1.4492325691076426,3.0963679381779263,11.53630781173706
73,1.4470526346793542,3.1023499284471785,11.224342107772827
74,1.4449900434567378,3.1072956834520613,11.66352105140686
75,1.4440036507753224,3.10776618548802,11.221337080001831
76,1.4440267040179326,3.1102793216705322,11.501991271972656
77,1.442316486285283,3.112783636365618,11.455827236175537
78,1.4408313907109773,3.116584437234061,11.718708992004395
79,1.4395227478100703,3.1182765620095387,11.440731525421143
80,1.4383297195801368,3.121156624385289,11.209689617156982
81,1.4369557958382826,3.1252361706324985,11.654078483581543
82,1.4362082894031818,3.1275599684034074,11.22541880607605
83,1.43488099024846,3.134377888270787,11.437760591506958
84,1.4338944783577552,3.1328615801674977,11.24781608581543
85,1.4326885801095228,3.138395684106009,11.673964023590088
86,1.4316033033224254,3.1380845478602817,11.239621877670288
87,1.4321652421584496,3.1374434403010776,11.545578241348267
88,1.4301299819579492,3.143216712134225,11.31304669380188
89,1.4301998615264893,3.1423390252249583,11.70112943649292
90,1.4287200203308692,3.1464172771998813,11.241622686386108
91,1.4288917688223033,3.150280441556658,11.541955471038818
92,1.4278531533021193,3.14946072442191,11.35075306892395
93,1.425439247718224,3.154880932399205,11.731301546096802
94,1.4259881377220154,3.1570747579847063,11.247923374176025
95,1.4252703327399034,3.159619229180472,11.475934505462646
96,1.4240218309255748,3.162783452442714,11.783490419387817
97,1.4235075895602887,3.1630113465445384,11.389140129089355
98,1.4229881442510164,3.1647303444998607,11.474567413330078
99,1.4224632795040424,3.1696951389312744,11.326253652572632
100,1.4226873792134798,3.1704446928841725,11.688628196716309
101,1.4212774130014272,3.1711479936327254,11.233344078063965
102,1.4222192764282227,3.1791346754346574,11.449304819107056
103,1.4209508437376757,3.178806577410017,11.385278224945068
104,1.4195224826152508,3.1811321803501675,11.681754350662231
105,1.4192432807042048,3.178326095853533,11.380350589752197
106,1.4190439077524037,3.1824969223567416,11.460543394088745
107,1.4176609974641066,3.185004574911935,11.57484245300293
108,1.4173196370785053,3.184225627354213,11.45429277420044
109,1.4169332064115083,3.1869351863861084,11.223788499832153
110,1.4169403497989361,3.1882013933999196,11.47509479522705
111,1.4166680391018207,3.191802671977452,11.576364517211914
112,1.4171374302643995,3.191113301685878,11.494986534118652
113,1.4162689034755414,3.19628415788923,11.252495765686035
114,1.415638506412506,3.1936958517347063,11.536624908447266
115,1.4135833153357873,3.2002204145703996,11.459301710128784
116,1.4143112622774565,3.1971583706992015,11.501998662948608
117,1.4131257304778466,3.1972456318991527,11.316203832626343
118,1.4122158518204322,3.2008396557399204,11.54922342300415
119,1.4117662493999188,3.1991110188620433,11.546018838882446
120,1.4121532165087187,3.2022451673235213,11.632004261016846
121,1.412311838223384,3.209522315434047,11.313608884811401
122,1.4114370025121248,3.2106696537562778,11.471993446350098
123,1.4105687049719005,3.2080965723310197,11.703495025634766
124,1.4102705075190618,3.212210042136056,11.415653228759766
125,1.4099221367102404,3.2087342739105225,11.511642694473267
126,1.4090566314183748,3.221983024052211,11.329623699188232
127,1.4105523824691772,3.211205925260271,12.121784210205078
128,1.409993066237523,3.215961217880249,11.341910123825073
129,1.4086073132661672,3.2147325447627475,11.676610469818115
130,1.4090558290481567,3.2156499113355363,11.469561100006104
131,1.408088574042687,3.219421557017735,11.469294309616089
132,1.408576516004709,3.21840763092041,11.40871787071228
133,1.4075043705793528,3.2266146455492293,11.484505891799927
134,1.4089124890474172,3.2209929738725935,11.469101190567017
135,1.4079860586386461,3.224843740463257,11.457574129104614
136,1.407788703074822,3.2264977523258755,11.64945387840271
137,1.4077391165953417,3.231628656387329,11.353654384613037
138,1.4063480817354643,3.2297094549451555,11.683943748474121
139,1.4073845835832448,3.235313722065517,11.342132091522217
140,1.4072015560590303,3.2280345303671703,11.480428695678711
141,1.4062846302986145,3.2369356836591447,11.224891185760498
142,1.406082726441897,3.2340967655181885,11.678104877471924
143,1.406810476229741,3.2374252591814314,11.260062217712402
144,1.4057658177155714,3.2377708980015347,11.471709966659546
145,1.4058628678321838,3.2378054346357072,11.255627393722534
146,1.4059851949031537,3.2379589080810547,11.75797724723816
147,1.4045030658061688,3.240361111504691,11.398529052734375
148,1.4039015907507677,3.2417170660836354,11.546926975250244
149,1.4035996886400075,3.2385118348257884,11.265803337097168
150,1.4034997958403368,3.247075012751988,11.749919652938843
151,1.4034532537827125,3.2413506167275563,11.274020910263062
152,1.4038055768379798,3.247809852872576,11.484045505523682
153,1.404112962576059,3.247022901262556,11.482079982757568
154,1.4036702605394216,3.2518924985613142,11.472999811172485
155,1.4032389567448542,3.24604868888855,11.307267665863037
156,1.4033855887559743,3.250964641571045,11.45972990989685
157,1.4021962789388804,3.2476217406136647,11.497864007949829
158,1.4010675045160146,3.2548742634909495,11.625824928283691
159,1.4017895414279058,3.2521302700042725,11.451433897018433
160,1.4025257092255812,3.2527663026537215,11.300472259521484
161,1.402115835593297,3.252922569002424,11.772857666015625
162,1.4015903381200938,3.2533441611698697,11.350732564926147
163,1.4021458213145916,3.2541802610669817,11.565485000610352
164,1.4013304618688731,3.256650924682617,11.334568500518799
165,1.4023292660713196,3.256162098475865,11.33842658996582
166,1.4022591847639818,3.2621980735233853,11.811351299285889
167,1.4019571405190687,3.257350070135934,11.561397552490234
168,1.4010758033165565,3.261295352663313,11.292364358901978
169,1.4018978430674627,3.2603283609662737,11.730247020721436
170,1.401053745013017,3.259688683918544,11.390375137329102
171,1.4002355520541852,3.2619079521724155,11.486220598220825
172,1.399990200996399,3.256012201309204,11.272493839263916
173,1.3998831097896283,3.267284529549735,11.733053922653198
174,1.3999794675753667,3.2595608915601457,11.293109655380249
175,1.3997023839216967,3.267239877155849,11.73664665222168
176,1.399984332231375,3.2607569013323103,11.464156866073608
177,1.3997779075915997,3.270792313984462,12.132684469223022
178,1.3991312292905955,3.258945567267282,11.327059507369995
179,1.398035086118258,3.2713493279048373,11.5262770652771
180,1.3984874991270213,3.2620202473231723,11.270195007324219
181,1.3984965682029724,3.273681265967233,11.67007565498352
182,1.3985351736728961,3.262441430773054,11.484309911727905
183,1.3985117673873901,3.2724477222987582,11.332006692886353
184,1.3981977242689867,3.263969898223877,11.719200134277344
185,1.397431181027339,3.2772216796875,11.368728399276733
186,1.3979458808898926,3.2713146209716797,11.529269695281982
187,1.397990277180305,3.274242877960205,11.291692018508911
188,1.397193729877472,3.2690987246377126,11.7816321849823
189,1.3974625835051904,3.2770511422838484,11.405186653137207
190,1.3979042309981127,3.2717054230826244,11.457125425338745
191,1.3973848957281847,3.2761161667960033,11.444798469543457
192,1.3981197705635657,3.2727065086364746,11.710395336151123
193,1.3969131066248968,3.280274050576346,11.259182691574097
194,1.39772478892253,3.2729860714503696,11.494521379470825
195,1.3964886665344238,3.2803172724587575,11.254840850830078
196,1.3969405889511108,3.2733330045427596,11.756640434265137
197,1.396202871432671,3.282173361097063,11.257253408432007
198,1.3964277643423815,3.276030574526106,11.493794202804565
199,1.3965841027406545,3.278317826134818,11.693097829818726
200,1.3966548442840576,3.275986296789987,11.257405519485474
201,1.3965858496152437,3.2805937358311246,11.575451374053955
202,1.3961014197422907,3.2798177855355397,11.305378437042236
203,1.3965573540100684,3.2730566433497836,11.696364402770996
204,1.3956675208531892,3.2867424147469655,11.371596574783325
205,1.3956981209608226,3.2731944492885043,11.48219108581543
206,1.396001751606281,3.281327179500035,11.344447612762451
207,1.3964856358674855,3.2790956497192383,11.756275177001953
208,1.395148983368507,3.28597286769322,11.398540019989014
209,1.3956592633174016,3.280973638807024,11.469887495040894
210,1.3958060099528387,3.2814810616629466,11.471444129943848
211,1.3956674108138452,3.2831177030290877,11.485283613204956
212,1.3957036137580872,3.281062500817435,11.38491415977478
213,1.3954419631224413,3.287862879889352,11.54467225074768
214,1.395214855670929,3.283843074526106,11.558708190917969
215,1.3948607994959905,3.2868851934160506,11.5356924533844
216,1.3944541490994966,3.2807740483965193,11.346983432769775
217,1.3945539731245775,3.289962121418544,11.55828595161438
218,1.395251269523914,3.2832246167319163,11.478080034255981
219,1.3944555062514086,3.284713097981044,11.645895957946777
220,1.394032698411208,3.284365109034947,11.39094066619873
221,1.3939524980691762,3.2882263319832936,11.469808340072632
222,1.3944285603669972,3.2896125657217845,11.466622829437256
223,1.3932021535359895,3.2826951231275285,11.459943294525146
224,1.3935653613163874,3.2908694403512135,11.261868238449097
225,1.393995729776529,3.2848641191210066,11.476738452911377
226,1.3942607732919545,3.2904197488512312,11.713369846343994
227,1.3938995141249437,3.276711566107614,11.354815244674683
228,1.3925549754729638,3.2981392996651784,11.590410947799683
229,1.3928288358908434,3.2866673128945485,11.32315468788147
230,1.3929891723852892,3.288047586168562,11.787419557571411
231,1.3929986174289997,3.2854809079851424,11.341626405715942
232,1.392749690092527,3.2979258128574918,11.571367025375366
233,1.3936905264854431,3.2883307933807373,11.493093729019165
234,1.3923432460198035,3.288267339978899,11.492591619491577
235,1.393221039038438,3.292363030569894,11.284993171691895
236,1.3921282153863173,3.2937823023114885,11.518770456314087
237,1.3924576044082642,3.2887859685080394,11.497879028320312
238,1.3930147015131438,3.289848123277937,11.535346269607544
239,1.392824140878824,3.284965549196516,11.529851913452148
240,1.3918052361561701,3.2906462465013777,11.360421657562256
241,1.3916235703688402,3.2918832302093506,11.796802520751953
242,1.3916492278759296,3.291431427001953,11.305770874023438
243,1.3917575707802405,3.294203281402588,11.6633939743042
244,1.3919900059700012,3.292590481894357,11.326785326004028
245,1.3920460893557622,3.293395859854562,11.705893516540527
246,1.3917262600018427,3.292191539491926,11.319052696228027
247,1.39189141530257,3.2931289672851562,11.490834712982178
248,1.3919927386137156,3.287386553628104,11.436743974685669
249,1.3917433665348933,3.2952651977539062,11.730370044708252
250,1.3917536047788768,3.295963627951486,11.320535659790039
251,1.3919303554754991,3.2957863126482283,11.518594980239868
252,1.3922750078714812,3.292879717690604,11.347473621368408
253,1.3915207523566027,3.297691822052002,11.726025342941284
254,1.390843363908621,3.29142621585301,11.2643461227417
255,1.3898772459763746,3.3003103733062744,11.487762689590454
256,1.3906549307016225,3.2933885710580006,11.497445344924927
257,1.3909170627593994,3.294887031827654,11.52773404121399
258,1.3902777983592107,3.293177809034075,11.258861541748047
259,1.390884307714609,3.2929305689675465,11.46521258354187
260,1.3904739985099206,3.293905360358102,11.473066091537476
261,1.390262512060312,3.2932792731693814,11.56300163269043
262,1.3906842332619886,3.2953427178519115,11.575199604034424
263,1.3902322329007661,3.2913784640175954,11.249305009841919
264,1.3895897315098689,3.2964809281485423,11.724120378494263
265,1.390141372497265,3.3009043761662076,11.24842882156372
266,1.38951510649461,3.2962497983660017,11.56700325012207
267,1.3897035580414991,3.2961192471640453,11.414536476135254
268,1.388867667088142,3.292416606630598,11.262329339981079
269,1.3885335142795856,3.2936645575932095,11.690921545028687
270,1.3885100850692162,3.2938457216535295,11.591034173965454
271,1.3886676797500024,3.3012122767312184,11.260064840316772
272,1.38960383947079,3.293600627354213,11.721614599227905
273,1.3888772817758412,3.301337684903826,11.280078411102295
274,1.3881136041421156,3.2934681347438266,11.472805976867676
275,1.3891298908453722,3.297917229788644,11.279413938522339
276,1.3890045055976281,3.296953099114554,11.887399435043335
277,1.388492185335893,3.2999003614698137,11.251259803771973
278,1.3887734138048613,3.297910588128226,11.481818199157715
279,1.3889179871632502,3.295677866254534,11.43066143989563
280,1.389222727372096,3.2987682819366455,11.706820726394653
281,1.3898813128471375,3.29753007207598,11.252007484436035
282,1.389099290737739,3.296612160546439,11.464998960494995
283,1.3900755827243512,3.300104549952916,11.246914863586426
284,1.3892158224032476,3.300485372543335,11.70490574836731
285,1.3884582198583162,3.294305222375052,11.45490288734436
286,1.388670339034154,3.291938373020717,11.252843379974365
287,1.3882613961513226,3.3006132670811246,11.741497039794922
288,1.3880908718475928,3.2947096484048024,11.282128095626831
289,1.388454033778264,3.2970332418169295,11.47800064086914
290,1.387641191482544,3.297550235475813,11.349395513534546
291,1.3882786402335534,3.3002542768205916,11.792861223220825
292,1.3885528032596295,3.293553556714739,11.250576734542847
293,1.3869537436045134,3.3006491320473805,11.496883869171143
294,1.3882891214810884,3.2946389402662004,11.286115646362305
295,1.3878093453554006,3.299215010234288,11.719435453414917
296,1.386972120174995,3.295219217027937,11.264623880386353
297,1.3875037798514733,3.2973147119794572,11.504836559295654
298,1.387207567691803,3.2973102842058455,11.26459002494812
299,1.386601869876568,3.3005134718758717,11.838399648666382
300,1.3875312209129333,3.305599961962019,11.242679834365845
301,1.3871146165407622,3.29906017439706,11.460456371307373
302,1.3872516522040734,3.30059746333531,11.698598384857178
303,1.3876199309642498,3.298798220498221,11.325157165527344
304,1.3876277987773602,3.2945054599217007,11.567585468292236
305,1.386942010659438,3.3019748415265764,11.340075969696045
306,1.3865376940140357,3.298087017876761,11.733238935470581
307,1.3867523670196533,3.293459279196603,11.251544713973999
308,1.3866180869249196,3.3040010929107666,11.476280927658081
309,1.3865701189407935,3.300721917833601,11.359089851379395
310,1.3866037267905016,3.3045637607574463,11.704691410064697
311,1.3869237853930547,3.297527176993234,11.417162418365479
312,1.3869110345840454,3.2992124216897145,11.471749067306519
313,1.3860408526200514,3.303323916026524,11.567980527877808
314,1.38695156115752,3.3061412402561734,11.483792066574097
315,1.3869644816105182,3.300654104777745,11.402209758758545
316,1.3869163669072664,3.2965677806309293,11.568052291870117
317,1.3855346624667828,3.3030502114977156,11.649223804473877
318,1.3859811837856586,3.2999889510018483,11.488394975662231
319,1.385936425282405,3.300206116267613,11.245444059371948
320,1.385423100911654,3.306346688951765,11.538974285125732
321,1.3854829623148992,3.302453483854021,11.563521385192871
322,1.3861261789615338,3.3025247710091725,11.494071960449219
323,1.3864316665209258,3.3012501852852956,11.25464153289795
324,1.3858301089360163,3.305835281099592,11.540132999420166
325,1.385438744838421,3.3028153691973006,11.500746250152588
326,1.3861246567506056,3.300417252949306,11.468207120895386
327,1.3850629742328937,3.308088711329869,11.2552649974823
328,1.3853057806308453,3.296621186392648,11.464740991592407
329,1.3858389808581426,3.306554079055786,11.691591739654541
330,1.3859555262785692,3.2982494831085205,11.342345476150513
331,1.3857583174338708,3.307255642754691,11.56765365600586
332,1.3862815591005178,3.2961465631212508,11.361057758331299
333,1.3846922562672541,3.30729501588004,11.718835830688477
334,1.3852136593598585,3.3060271739959717,11.260815143585205
335,1.3845618229645948,3.304938997541155,11.487317323684692
336,1.3843543025163503,3.3050785405295238,11.511255025863647
337,1.384525945553413,3.30068039894104,11.492497205734253
338,1.3847166345669673,3.3060734612601146,11.379748106002808
339,1.3847580964748676,3.302992514201573,11.459038734436035
340,1.3844640025725732,3.3049252714429582,11.50817322731018
341,1.3851714409314668,3.306123529161726,11.454284429550171
342,1.3842208202068622,3.305058785847255,11.521409511566162
343,1.385309086396144,3.300558430807931,11.345072031021118
344,1.3851154813399682,3.305326904569353,11.701741456985474
345,1.3853484300466685,3.3004889828818187,11.261443138122559
346,1.384780695805183,3.3075660296848843,11.495480298995972
347,1.3849070209723253,3.302898509161813,11.286818027496338
348,1.3840242945230925,3.3093205520084927,11.697585582733154
349,1.3843609278018658,3.3045017378670827,11.25895094871521
350,1.383498659500709,3.3018120356968472,11.476300239562988
351,1.383838107952705,3.3095939499991283,11.263796329498291
352,1.3833286395439734,3.308210611343384,11.73544692993164
353,1.383902641443106,3.303194625037057,11.384170532226562
354,1.3839557950313275,3.308060203279768,11.494144439697266
355,1.383555843279912,3.3041514669145857,11.25171446800232
356,1.383959880241981,3.306032351085118,11.723183393478394
357,1.3837582148038423,3.304567405155727,11.245855331420898
358,1.3836162090301514,3.3074641908918108,11.575137615203857
359,1.3837622770896325,3.3088249138423373,11.548605918884277
360,1.3832217317361097,3.3097939491271973,11.504706144332886
361,1.383467944768759,3.302488088607788,11.316357851028442
362,1.3833487217242901,3.3074152129037038,11.561603546142578
363,1.3836352504216707,3.304520164217268,11.490023851394653
364,1.383689779501695,3.308907542909895,11.473382949829102
365,1.3833768597015967,3.3091090747288296,11.610209941864014
366,1.3831965189713697,3.310731955936977,11.244842052459717
367,1.383986220909999,3.3076701504843578,11.803576946258545
368,1.3833938149305491,3.311699628829956,11.39970874786377
369,1.3830917844405541,3.3107589994158064,11.475872993469238
370,1.3831231456536512,3.3096297468457903,11.26560354232788
371,1.3835606850110567,3.3115154334477017,11.261605739593506
372,1.383330455193153,3.3116938727242604,11.696665287017822
373,1.3832198335574224,3.3128111021859303,11.55724811553955
374,1.383613673540262,3.3106349195752824,11.345643520355225
375,1.38306725025177,3.314687899180821,11.715662002563477
376,1.383379647364983,3.3075335366385326,11.253403425216675
377,1.3829154188816364,3.3138136863708496,11.46772027015686
378,1.3830415881597078,3.308990478515625,11.259784936904907
379,1.3826307150033803,3.314608233315604,11.723163366317749
380,1.3829328555327196,3.3083649703434537,11.338557481765747
381,1.383465670622312,3.315891810825893,11.48189663887024
382,1.3830036566807673,3.3135495526450023,11.366214990615845
383,1.3829155197510352,3.3167782511029924,11.697369813919067
384,1.3827126668049738,3.312532833644322,11.405077457427979
385,1.3826301923164954,3.317070041384016,11.572478294372559
386,1.3825049904676585,3.318983793258667,11.268617630004883
387,1.3818817367920508,3.315990516117641,11.732186555862427
388,1.3821295316402729,3.3138328960963657,11.476867437362671
389,1.3825148114791284,3.316564049039568,11.246288776397705
390,1.381726086139679,3.317950350897653,11.682765483856201
391,1.382218741453611,3.315824440547398,11.372090578079224
392,1.3816613417405348,3.320124319621495,11.506853580474854
393,1.3819303054075975,3.3114263670785085,11.384773254394531
394,1.3819031761242793,3.31755382674081,11.774638891220093
395,1.3819139829048743,3.3136279582977295,11.420654773712158
396,1.3817631189639752,3.3199727875845775,11.55588412284851
397,1.3814647381122296,3.320339168821062,11.276885032653809
398,1.3817499967721791,3.3203397818974087,11.72528338432312
399,1.3823424669412465,3.318854570388794,11.349351167678833
400,1.381133189568153,3.3225006375994,11.519543647766113
401,1.381453005167154,3.321967499596732,11.274958610534668
402,1.381891511953794,3.3226943697248186,11.684861898422241
403,1.3815269332665663,3.3188834190368652,11.242621660232544
404,1.3813795263950641,3.3188159125191823,11.49090576171875
405,1.3812858370634227,3.3164497103009904,11.728115320205688
406,1.380385623528407,3.318046501704625,11.403846740722656
407,1.38126644721398,3.3236255645751953,11.563332796096802
408,1.3814316987991333,3.323316608156477,11.348749876022339
409,1.3812861488415644,3.3288327625819614,11.828415870666504
410,1.3816837118222163,3.3223845958709717,11.445770978927612
411,1.3817054491776686,3.3256595815931047,11.499624013900757
412,1.3818438053131104,3.323305674961635,11.44545841217041
413,1.3812032846304088,3.3241773332868303,11.683125734329224
414,1.3817282960965083,3.322825159345354,11.319028377532959
415,1.3815030776537383,3.3203884874071394,11.612561464309692
416,1.3818830389242907,3.3244997773851668,11.574416160583496
417,1.3816512639705951,3.326631614140102,11.558189868927002
418,1.381327143082252,3.318114859717233,11.410856008529663
419,1.3812210972492511,3.327252115522112,11.57641077041626
420,1.3811071744331946,3.3268917288099016,11.502891540527344
421,1.3805802693733802,3.3303494112832204,11.554812908172607
422,1.380892629806812,3.3219426359449113,11.352378129959106
423,1.3809532202207124,3.329976728984288,11.47805380821228
424,1.3810336223015418,3.3273655687059676,11.495405673980713
425,1.3809170172764704,3.327516555786133,11.522065877914429
426,1.3808587010090168,3.328491279057094,11.242970705032349
427,1.3803140429350047,3.3296822479793002,11.528051853179932
428,1.3800963392624488,3.3302196775163924,11.469377517700195
429,1.3805847626466017,3.3298281601497104,11.632012128829956
430,1.3805333696878874,3.327434914452689,11.277577638626099
431,1.3803877372008104,3.3258123057229176,11.488502025604248
432,1.3807549751721895,3.3341585908617293,11.70409345626831
433,1.380098961866819,3.3260578427995955,11.260470151901245
434,1.380086389871744,3.3348424775259837,11.577050685882568
435,1.3802013809864337,3.328113283429827,11.25342845916748
436,1.3809148302445045,3.3322111538478305,11.79300594329834
437,1.3803125665738032,3.3327119009835378,11.251742839813232
438,1.3800328511458178,3.3352252074650357,11.485639095306396
439,1.3812503585448632,3.328221457345145,11.479101181030273
440,1.3803211542276235,3.3310936859675815,11.473012208938599
441,1.3798550688303435,3.3316173553466797,11.246604919433594
442,1.3805974080012395,3.336360658918108,11.47123670578003
443,1.3798143451030438,3.3275158745901927,11.545043230056763
444,1.380310370371892,3.339652027402605,11.5586998462677
445,1.38067220724546,3.3277154650006975,11.660698175430298
446,1.3802511737896845,3.3413494655064175,11.32525086402893
447,1.380242182658269,3.324347291673933,11.702703952789307
448,1.379469715631925,3.340414251599993,11.263142108917236
449,1.3798561967336214,3.330580609185355,11.668607473373413
450,1.3806523176339955,3.342076063156128,11.26417350769043
451,1.3799075117478004,3.329028538295201,11.690966606140137
452,1.380028018584618,3.3422466005597795,11.268066167831421
453,1.3799793674395635,3.3284787109919955,11.468457221984863
454,1.3809299285595233,3.3455186571393694,11.249593257904053
455,1.3797368086301363,3.328849826540266,11.700674057006836
456,1.380192192701193,3.3468220915113176,11.272176027297974
457,1.3795528228466327,3.3347698279789517,11.508823871612549
458,1.3801529820148761,3.3454521042960033,11.257128715515137
459,1.3790585536223192,3.3313008717128207,11.695677518844604
460,1.3792408521358783,3.3442732947213307,11.24932599067688
461,1.379768545810993,3.3343095779418945,11.555867671966553
462,1.3793066877585192,3.347224712371826,11.483495712280273
463,1.37968405851951,3.3332159519195557,11.4639310836792
464,1.3792189130416284,3.346405097416469,11.265173435211182
465,1.3791514680935786,3.333752598081316,11.487109184265137
466,1.3784332000292265,3.3463217530931746,11.489469766616821
467,1.3792012654818022,3.339625835418701,11.620067834854126
468,1.3795590584094708,3.343033484050206,11.484520435333252
469,1.379441499710083,3.3420811721256802,11.318296670913696
470,1.3793661365142236,3.3434557233537947,11.766666650772095
471,1.379195002409128,3.341405119214739,11.282080888748169
472,1.3793921654040997,3.3420272895268033,11.565042734146118
473,1.3789353049718416,3.343719107764108,11.324397325515747
474,1.379046958226424,3.3464639527457103,11.277820587158203
475,1.3787599205970764,3.3406082562037875,11.709009408950806
476,1.3786156681867747,3.3457487991877963,11.581347227096558
477,1.3800121454092174,3.3455565656934465,11.251224279403687
478,1.3793449264306288,3.3438236032213484,11.697137832641602
479,1.379060107928056,3.340569938932146,11.266042232513428
480,1.3785117956308217,3.3453538758414134,11.475736379623413
481,1.378609863611368,3.3455466542925154,11.274391174316406
482,1.3787397237924428,3.346118007387434,11.741873025894165
483,1.3779481741098256,3.346745695386614,11.352311134338379
484,1.378782639136681,3.3470683779035295,11.521805047988892
485,1.3781226460750287,3.3456974029541016,11.235273361206055
486,1.3786077132591834,3.349123954772949,11.885281085968018
487,1.3789341037090008,3.3410820960998535,11.346887350082397
488,1.378835114148947,3.3480308737073625,11.490753412246704
489,1.3784928184289198,3.348630258015224,11.348442554473877
490,1.3789719205636244,3.3510072571890697,11.770059585571289
491,1.3788821330437293,3.348522186279297,11.597532987594604
492,1.3781452866700978,3.353260040283203,11.28047227859497
493,1.3788321018218994,3.348343542643956,11.779918432235718
494,1.3791380387086134,3.35252731187003,11.39967393875122
495,1.37880317064432,3.3472981112343922,11.660435914993286
496,1.3790929088225732,3.35729912349156,11.337721347808838
497,1.3788025379180908,3.3468689918518066,11.789481401443481
498,1.3784735936384935,3.357762575149536,11.252137184143066
499,1.378792675641867,3.344620772770473,11.476139068603516
500,1.3778652869738066,3.356105463845389,11.361300945281982
